FID	IID	Ala
HP202	HP202	17.1
L62_880	L62_880	16.3
Baiqidawandou	Baiqidawandou	17.9
L66_721	L66_721	16.4
L73_67	L73_67	16.8
L64_4103	L64_4103	15.0
L67_1695	L67_1695	16.0
L67_949	L67_949	15.4
L62_906	L62_906	17.7
L70_6494	L70_6494	16.3
L62_956	L62_956	15.7
Kaohsiung_1	Kaohsiung_1	15.5
Jindou_15	Jindou_15	17.3
Newton	Newton	15.1
Huangdou_2	Huangdou_2	18.1
Jidou_7	Jidou_7	19.2
Zhongdou_36	Zhongdou_36	18.0
L73_54	L73_54	22.7
Banyesheng	Banyesheng	20.1
Xudou_10	Xudou_10	21.2
Ludou_4	Ludou_4	21.6
L77_1727	L77_1727	21.0
Zaoshu_6_hao	Zaoshu_6_hao	19.9
L72_1078	L72_1078	17.9
Zhonghuang_13	Zhonghuang_13	17.1
Zhonghuang_4	Zhonghuang_4	20.8
Zhonghuang_10	Zhonghuang_10	23.6
Dadunxiaoheidou	Dadunxiaoheidou	19.2
Jihuang13	Jihuang13	18.9
Zhongzuo_00_484	Zhongzuo_00_484	19.3
Zhongzuo_97_1121	Zhongzuo_97_1121	19.2
Jindou_13	Jindou_13	18.4
Zhongzuo_983	Zhongzuo_983	21.2
Xiaohuangdou	Xiaohuangdou	20.7
8588	8588	22.3
L68_582	L68_582	19.3
Shengli_3	Shengli_3	22.2
Zhongzuo_00_683	Zhongzuo_00_683	20.3
Zhonghuang_27	Zhonghuang_27	20.4
Jian_31	Jian_31	18.5
L69_4267	L69_4267	20.4
Jidou12	Jidou12	21.2
Qingkeyuandou	Qingkeyuandou	20.6
Amcor_89	Amcor_89	19.5
Zhongzuo_96_954	Zhongzuo_96_954	19.3
Maoyandou	Maoyandou	19.0
Kenwood	Kenwood	17.0
Zhongdou_27	Zhongdou_27	18.8
Tuyandou	Tuyandou	19.6
L84_307	L84_307	17.6
L81_4590	L81_4590	20.0
Sprite_87	Sprite_87	18.4
L78_3083	L78_3083	19.5
Zhongdou_28	Zhongdou_28	19.2
Lvcaodou	Lvcaodou	19.8
L82_1858	L82_1858	16.3
GR8836	GR8836	17.4
L74_01	L74_01	18.9
L74_221	L74_221	18.3
Ludou_11	Ludou_11	17.5
Fayette	Fayette	16.4
Gnome	Gnome	19.2
Lv_75	Lv_75	18.0
Zhongpindaheidou	Zhongpindaheidou	19.6
Maoyandou	Maoyandou	20.4
Zhengzhou_135	Zhengzhou_135	21.5
Elf	Elf	20.5
Hobbit87	Hobbit87	16.6
Sijiaoqi	Sijiaoqi	20.6
Erliheidou	Erliheidou	17.0
IL2	IL2	17.3
Dunbar	Dunbar	15.9
Yanhuang_3	Yanhuang_3	18.7
Peking	Peking	17.1
Kunitz	Kunitz	17.8
Luning_1	Luning_1	18.6
Chadou	Chadou	18.1
Wandou_15	Wandou_15	20.2
He_84_5	He_84_5	19.3
Yudou_25	Yudou_25	21.3
Nanguanxiaopiqing	Nanguanxiaopiqing	24.8
Lu_93748_1	Lu_93748_1	22.7
Dabaipi	Dabaipi	22.6
Sijiaoqihuangdou	Sijiaoqihuangdou	20.6
Jidou_12_2.3	Jidou_12_2.3	19.8
Pingdinghei	Pingdinghei	19.8
Zhonghuang_18	Zhonghuang_18	19.8
Xiaoyuanhuangdou	Xiaoyuanhuangdou	20.2
Bendidahuangdou	Bendidahuangdou	21.6
Lu_99_1	Lu_99_1	15.3
Yangtianxiaohuangdou	Yangtianxiaohuangdou	20.3
SS74185	SS74185	17.8
95_5117	95_5117	19.1
Zhonghuang_28	Zhonghuang_28	20.0
Jidou_12_3l	Jidou_12_3l	19.8
Qihuang_30	Qihuang_30	19.1
Zheng_92116	Zheng_92116	19.4
Maodou	Maodou	19.5
Er_hej_jan	Er_hej_jan	18.5
Jindou_31	Jindou_31	18.2
Handou_5	Handou_5	18.4
Kexin_3	Kexin_3	18.7
Zaofeng_1	Zaofeng_1	18.8
Dahuangdou	Dahuangdou	18.0
Puhai_10	Puhai_10	18.9
Zhongye_2	Zhongye_2	19.0
Zhonghuang_22	Zhonghuang_22	17.6
Kexin_4	Kexin_4	18.8
Qihuang_1	Qihuang_1	15.6
Tianedan	Tianedan	17.6
Delsoy_4210	Delsoy_4210	15.6
MN413	MN413	17.8
Fendou_31	Fendou_31	17.8
7651_1	7651_1	17.4
L86_1436	L86_1436	17.6
Tiejiaohuang	Tiejiaohuang	18.4
Lu_99_7	Lu_99_7	16.5
L81_4871	L81_4871	17.6
Clark	Clark	17.1
Chichenglvhuangdou	Chichenglvhuangdou	18.2
Mustang	Mustang	17.3
Union	Union	18.6
Kefeng_6	Kefeng_6	17.8
Xinyangyangyandou	Xinyangyangyandou	18.6
Wenfeng_7	Wenfeng_7	17.2
Zhongpin_95_5383	Zhongpin_95_5383	16.8
Zhonghuang_16	Zhonghuang_16	16.9
Qihuang_13	Qihuang_13	16.2
Gaozuoxuan_1	Gaozuoxuan_1	15.3
Daheidou	Daheidou	18.1
Cansidou	Cansidou	17.0
L77_1794	L77_1794	16.1
Zheng_97210_6	Zheng_97210_6	17.3
Youbian_30	Youbian_30	16.3
Han_195	Han_195	16.6
Zaoshuheidou	Zaoshuheidou	17.9
Ina	Ina	17.3
Wandou_21	Wandou_21	17.0
L88_8226	L88_8226	17.0
Lvrouheipidou	Lvrouheipidou	18.2
Ooyachi_2	Ooyachi_2	17.4
Xiataizimoshidou	Xiataizimoshidou	17.3
Pixiansilicao	Pixiansilicao	16.6
Williams_82	Williams_82	17.6
Jiguan52	Jiguan52	17.0
Zhongdou_34	Zhongdou_34	17.5
Zhonghuang_15	Zhonghuang_15	17.7
Xinbada_2	Xinbada_2	17.3
Jiwuxing_1	Jiwuxing_1	18.6
Shuyangchunheidoubing	Shuyangchunheidoubing	19.0
L78_379	L78_379	17.4
Zheng_02060_0_7_2	Zheng_02060_0_7_2	18.7
Yudou_18	Yudou_18	17.9
L88_8431	L88_8431	17.4
Chaleston	Chaleston	17.7
Franklin	Franklin	16.6
L85_2378	L85_2378	17.8
Pixie	Pixie	16.3
L82_2020	L82_2020	17.1
Miyunlaoyelian	Miyunlaoyelian	17.1
L77_1863	L77_1863	18.1
Longjiangdali_?_Su	Longjiangdali_?_Su	20.0
Zhongpin_661	Zhongpin_661	16.9
L87_0482	L87_0482	17.5
L77_5632	L77_5632	17.0
L83_4744	L83_4744	15.6
Gnome_85	Gnome_85	17.0
Kim	Kim	17.8
Nile	Nile	17.7
L88_8739	L88_8739	18.6
Xiaoqingdou	Xiaoqingdou	19.0
Zhongpin_662	Zhongpin_662	19.1
PI_547893	PI_547893	18.7
PI_547872	PI_547872	17.5
Xinliuqing	Xinliuqing	20.3
Siliyuan	Siliyuan	17.0
Amsoy	Amsoy	15.4
Heidou	Heidou	17.5
Boaihongpizaojiao	Boaihongpizaojiao	17.6
Spry	Spry	17.5
PI_547838	PI_547838	18.3
PI_547850	PI_547850	18.7
Zheng_9525	Zheng_9525	17.7
Pingdinghuangdou	Pingdinghuangdou	18.6
PI_547888	PI_547888	15.2
Jindou_21	Jindou_21	16.4
KD01	KD01	17.4
Baipihuangdou	Baipihuangdou	15.6
PI54703	PI54703	18.0
Diliuhuangdou_2	Diliuhuangdou_2	16.8
Kefeng_53	Kefeng_53	17.7
Delsoy_	Delsoy_	17.4
Wandou_16	Wandou_16	17.8
L85_2029	L85_2029	15.7
Huaiyangchundou	Huaiyangchundou	19.3
Zheng_99048	Zheng_99048	20.2
Zhongdou_33	Zhongdou_33	22.8
Qingdou	Qingdou	18.6
Yudou_22	Yudou_22	17.6
Xiaomidou	Xiaomidou	19.6
L84_2235	L84_2235	19.7
Xiaoheidou	Xiaoheidou	19.8
Zheng_8516	Zheng_8516	20.9
Yuandou	Yuandou	16.4
Yudou_12	Yudou_12	22.0
Ji9_3l_2	Ji9_3l_2	19.0
Bailudou	Bailudou	19.4
Miyangxiaozihuang	Miyangxiaozihuang	20.7
Huaheihu	Huaheihu	21.7
Delsoy_4710	Delsoy_4710	17.7
L85_2308	L85_2308	16.4
Qisiwa	Qisiwa	18.4
Liushiribaidou	Liushiribaidou	19.0
Pixianzhanzhuangliuyuexian	Pixianzhanzhuangliuyuexian	17.5
Datianedan	Datianedan	17.3
Dongshan_69	Dongshan_69	16.3
Qingdou	Qingdou	18.8
Fendou_62	Fendou_62	18.6
L88_5492	L88_5492	16.6
Lv_96150	Lv_96150	19.0
Shang_951099	Shang_951099	19.3
Delsoy_4900	Delsoy_4900	17.2
Meng_9793_1	Meng_9793_1	19.2
Xiaohuangdou	Xiaohuangdou	18.6
Miyangniumaohuang	Miyangniumaohuang	17.8
Avery	Avery	17.4
Jidou17	Jidou17	16.6
Lvxuan_23	Lvxuan_23	19.3
Tianedan	Tianedan	19.0
Xiaheidou	Xiaheidou	18.8
Qing_6	Qing_6	17.3
Pixiandazihuacao	Pixiandazihuacao	17.5
Xiaohuangdou	Xiaohuangdou	16.9
Lvpihuangdou	Lvpihuangdou	17.9
Zhongnongshi_1	Zhongnongshi_1	16.1
PI_253666A	PI_253666A	18.2
Verde	Verde	15.9
Miyangbaidou	Miyangbaidou	17.3
Yuxuan_13	Yuxuan_13	17.4
Huanggandou	Huanggandou	16.7
Zhongdou_8	Zhongdou_8	17.3
Zheng_97196	Zheng_97196	15.9
Huipizhiheidou	Huipizhiheidou	16.5
Heheidou	Heheidou	16.7
Zhonghuang_39	Zhonghuang_39	16.5
Xiaobaidou_2	Xiaobaidou_2	17.9
Xizhoujiwohuang	Xizhoujiwohuang	17.1
Hualvdou	Hualvdou	17.2
Pixianhongmaoyou	Pixianhongmaoyou	17.9
